customer_id,password,first_name,last_name,email,phone_number
10001,&yc#ik0sdyhyb59igtiz,James,Butt,jbutt@gmail.com,504-621-8927
10002,rb6h#n4dx9&#uo4c*vc9,Josephine,Darakjy,josephine_darakjy@darakjy.org,810-292-9388
10003,qe8j#$7&*iqa^1kbnld5,Art,Venere,art@venere.org,856-636-8749
10004,65zvvwdqhj63gx$r675#,Lenna,Paprocki,lpaprocki@hotmail.com,907-385-4412
10005,d3b#rbi%u!bzx#u59n$&,Donette,Foller,donette.foller@cox.net,513-570-1893
10006,u6^kpv4v!%hy16np&sp0,Simona,Morasca,simona@morasca.com,419-503-2484
10007,9gku!5%r$anx#dzsjl*4,Mitsue,Tollner,mitsue_tollner@yahoo.com,773-573-6914
10008,sr7pf!$hy00npzy0k38h,Leota,Dilliard,leota@hotmail.com,408-752-3500
10009,izipzt9kz7oja%%2k5sg,Sage,Wieser,sage_wieser@cox.net,605-414-2147
10010,w793cuuw81j81i%cres0,Kris,Marrier,kris@gmail.com,410-655-8723
10011,6a&sa@#nk150fx5*1oco,Minna,Amigon,minna_amigon@yahoo.com,215-874-1229
10012,e7pnai$ywt0^*a3hq&s3,Abel,Maclead,amaclead@gmail.com,631-335-3414
10013,ry0#ata5!3@7*e9y1ukn,Kiley,Caldarera,kiley.caldarera@aol.com,310-498-5651
10014,7xsvhn2y$ot5x4xr7e3g,Graciela,Ruta,gruta@cox.net,440-780-8425
10015,u13gp!g%r5!3$q&$kv1y,Cammy,Albares,calbares@gmail.com,956-537-6195
10016,h9oux1@*#$0$589&ajfq,Mattie,Poquette,mattie@aol.com,602-277-4385
10017,5ecnhoye$hp!a*aleh3$,Meaghan,Garufi,meaghan@hotmail.com,931-313-9635
10018,fh0hl@@i9864balptdwi,Gladys,Rim,gladys.rim@rim.org,414-661-9598
10019,7$01c0d*%kq64c36a5rq,Yuki,Whobrey,yuki_whobrey@aol.com,313-288-7937
10020,&e9ah6pv365#g%uo*nf9,Fletcher,Flosi,fletcher.flosi@yahoo.com,815-828-2147
10021,2i*%%rbb#c@glur34r!5,Bette,Nicka,bette_nicka@cox.net,610-545-3615
10022,*9isf*4bt2znt6hf65vu,Veronika,Inouye,vinouye@aol.com,408-540-1785
10023,5ucqlhssvbf$rp*zdns5,Willard,Kolmetz,willard@hotmail.com,972-303-9197
10024,q&db$y0^16%@*0&2urlc,Maryann,Royster,mroyster@royster.com,518-966-7987
10025,pxeeywj%o%7e89^a8nb#,Alisha,Slusarski,alisha@slusarski.com,732-658-3154
10026,xo88!q1r*fzc6w7ih!fh,Allene,Iturbide,allene_iturbide@cox.net,715-662-6764
10027,!@a^!5%wl@6@fg*l965l,Chanel,Caudy,chanel.caudy@caudy.org,913-388-2079
10028,tu#qf1ls5*n8q0oc@1s5,Ezekiel,Chui,ezekiel@chui.com,410-669-1642
10029,i8y78f0baphkk34ff35$,Willow,Kusko,wkusko@yahoo.com,212-582-4976
10030,ojx86%rnzoyp0d7vq67j,Bernardo,Figeroa,bfigeroa@aol.com,936-336-3951
10031,n*t@7$%%&z%79izv*y6y,Ammie,Corrio,ammie@corrio.com,614-801-9788
10032,q0cyq8#kq5y1du4ry@@a,Francine,Vocelka,francine_vocelka@vocelka.com,505-977-3911
10033,fdy1@jpg&hw1zxbt#ez$,Ernie,Stenseth,ernie_stenseth@aol.com,201-709-6245
10034,s^#karqrp9$eu$3cto1n,Albina,Glick,albina@glick.com,732-924-7882
10035,aiqll%3*67ryy%0v!ve%,Alishia,Sergi,asergi@gmail.com,212-860-1579
10036,107w#e!sll^&x0sg*ax5,Solange,Shinko,solange@shinko.com,504-979-9175
10037,!7yvxoec^*w*$ygubd1l,Jose,Stockham,jose@yahoo.com,212-675-8570
10038,&13ylwwcv^l1&a1j26l$,Rozella,Ostrosky,rozella.ostrosky@ostrosky.com,805-832-6163
10039,#&&n587xh^gckw!wp7qg,Valentine,Gillian,valentine_gillian@gmail.com,210-812-9597
10040,nwgwfcoxiw!!3@zk*$ee,Kati,Rulapaugh,kati.rulapaugh@hotmail.com,785-463-7829
10041,q$bl1pu$jgyuk0t0zp2n,Youlanda,Schemmer,youlanda@aol.com,541-548-8197
10042,pfh9y4!jw25yyi8xd!w%,Dyan,Oldroyd,doldroyd@aol.com,913-413-4604
10043,azfd^i6a#vrbtj%qa9dk,Roxane,Campain,roxane@hotmail.com,907-231-4722
10044,4@fh39x265n^q1@wuhwx,Lavera,Perin,lperin@perin.org,305-606-7291
10045,^16wlat34gwj&rz6@%k6,Erick,Ferencz,erick.ferencz@aol.com,907-741-1044
10046,!^lhftu97wpyf!y8$l2d,Fatima,Saylors,fsaylors@saylors.org,952-768-2416
10047,ahq6sbqtv2ap7ws3n3qu,Jina,Briddick,jina_briddick@briddick.com,617-399-5124
10048,#t*5698dxbd@!xf&!!w%,Kanisha,Waycott,kanisha_waycott@yahoo.com,323-453-2780
10049,*4g3#z1$p^#o47rty*94,Emerson,Bowley,emerson.bowley@bowley.org,608-336-7444
10050,c0t8hwyzp61&qot8rl&8,Blair,Malet,bmalet@yahoo.com,215-907-9111
10051,!3jt0b@t3x^9@3v9u94#,Brock,Bolognia,bbolognia@yahoo.com,212-402-9216
10052,x6il1@avv0%1rswvkjq5,Lorrie,Nestle,lnestle@hotmail.com,931-875-6644
10053,91z^jy*dp1e5xxe4938y,Sabra,Uyetake,sabra@uyetake.org,803-925-5213
10054,07!@2s7hy2pc6c!e3fwp,Marjory,Mastella,mmastella@mastella.com,610-814-5533
10055,1&x^@3xh&#utf8a%5y#v,Karl,Klonowski,karl_klonowski@yahoo.com,908-877-6135
10056,3k1xw6bd&kjra2sxub!7,Tonette,Wenner,twenner@aol.com,516-968-6051
10057,eh6#@2h#tzolyi2yg*z2,Amber,Monarrez,amber_monarrez@monarrez.org,215-934-8655
10058,&2n8u^^4o4p%2u$*&*^s,Shenika,Seewald,shenika@gmail.com,818-423-4007
10059,a8w!xjw3!afek2*v61il,Delmy,Ahle,delmy.ahle@hotmail.com,401-458-2547
10060,5o&x0$101jhiywun1ux0,Deeanna,Juhas,deeanna_juhas@gmail.com,215-211-9589
10061,2d7^7qxz203puejyl9!t,Blondell,Pugh,bpugh@aol.com,401-960-8259
10062,ke9&o5lz20buvnt9wey2,Jamal,Vanausdal,jamal@vanausdal.org,732-234-1546
10063,xbfoz96ari%dbgw&2gxa,Cecily,Hollack,cecily@hollack.org,512-486-3817
10064,17xax@v20qb0!t4f#1xn,Carmelina,Lindall,carmelina_lindall@lindall.com,303-724-7371
10065,!^qll18v6s8jcbyz#2zw,Maurine,Yglesias,maurine_yglesias@yglesias.com,414-748-1374
10066,1!6xz56q9rblj5r8s@0f,Tawna,Buvens,tawna@gmail.com,212-674-9610
10067,k17xb@#7nv52l$ne$$$9,Penney,Weight,penney_weight@aol.com,907-797-9628
10068,zo2&px44tn$fclkp%lx$,Elly,Morocco,elly_morocco@gmail.com,814-393-5571
10069,v#pgezzvqb4^s!ww%aka,Ilene,Eroman,ilene.eroman@hotmail.com,410-914-9018
10070,in7d!@hff#4s%yitxnjh,Vallie,Mondella,vmondella@mondella.com,208-862-5339
10071,vkzu4bbp!hosh6ynvv6#,Kallie,Blackwood,kallie.blackwood@gmail.com,415-315-2761
10072,!lal*u@s0p$j*ezy613!,Johnetta,Abdallah,johnetta_abdallah@aol.com,919-225-9345
10073,pcng8dq5ri4wgj&zepgw,Bobbye,Rhym,brhym@rhym.com,650-528-5783
10074,vr%iax%rf$2o3%a27grh,Micaela,Rhymes,micaela_rhymes@gmail.com,925-647-3298
10075,&ls6rw&l#cef1vqf^a0w,Tamar,Hoogland,tamar@hotmail.com,740-343-8575
10076,p3$bl7r*zo2pfh7ta%@x,Moon,Parlato,moon@yahoo.com,585-866-8313
10077,p96bjp0u!r6s75xgc^p#,Laurel,Reitler,laurel_reitler@reitler.com,410-520-4832
10078,aw0bqs5s7sy6c@1b8yvz,Delisa,Crupi,delisa.crupi@crupi.com,973-354-2040
10079,%7iphz&p2w%ita6t!tx3,Viva,Toelkes,viva.toelkes@gmail.com,773-446-5569
10080,&$6l*v0qd90pr5*ela4n,Elza,Lipke,elza@yahoo.com,973-927-3447
10081,f#tcv!j0a&ou9ipeputy,Devorah,Chickering,devorah@hotmail.com,505-975-8559
10082,e8@s5&pyukdx4rf5pc1*,Timothy,Mulqueen,timothy_mulqueen@mulqueen.org,718-332-6527
10083,3ozf4tulquobq6th*x!b,Arlette,Honeywell,ahoneywell@honeywell.com,904-775-4480
10084,%1$gql1p&b*r9rqkhpb^,Dominque,Dickerson,dominque.dickerson@dickerson.org,510-993-3758
10085,&wl3ihz0rqx43htaw6tk,Lettie,Isenhower,lettie_isenhower@yahoo.com,216-657-7668
10086,e^g1^iy*c27ht9ojgoy^,Myra,Munns,mmunns@cox.net,817-914-7518
10087,#64$%ahlgo@xzw@vu3de,Stephaine,Barfield,stephaine@barfield.com,310-774-7643
10088,9*64^hv$&&togt5!6lz$,Lai,Gato,lai.gato@gato.org,847-728-7286
10089,bej3t7*#ue6ci^t38b8p,Stephen,Emigh,stephen_emigh@hotmail.com,330-537-5358
10090,qi@#1#12w!7azz0pdo8%,Tyra,Shields,tshields@gmail.com,215-255-1641
10091,@z^lue^e2h3n7wyq*5#0,Tammara,Wardrip,twardrip@cox.net,650-803-1936
10092,@#botn*ugb5#cpo$k884,Cory,Gibes,cory.gibes@gmail.com,626-572-1096
10093,f#vhjt3g7jcaw&0wu5&r,Danica,Bruschke,danica_bruschke@gmail.com,254-782-8569
10094,ouze2f20vhx7p78j*bx3,Wilda,Giguere,wilda@cox.net,907-870-5536
10095,1do$6&%b6f41hzqk@bl!,Elvera,Benimadho,elvera.benimadho@cox.net,408-703-8505
10096,uysuul!p@#3i5kta%l#s,Carma,Vanheusen,carma@cox.net,510-503-7169
10097,4s8ia27i3s!*4rfqsfp^,Malinda,Hochard,malinda.hochard@yahoo.com,317-722-5066
10098,58twl!4$qdc1gy#xc**9,Natalie,Fern,natalie.fern@hotmail.com,307-704-8713
10099,a%90f7v3oxu*^5^6!y@o,Lisha,Centini,lisha@centini.org,703-235-3937
10100,k*70&9d3^6#g4!av#@o9,Arlene,Klusman,arlene_klusman@gmail.com,504-710-5840
10101,i@!p6t9f#dzjua7w4anw,Alease,Buemi,alease@buemi.com,303-301-4946
10102,ckanx*ih84sg2a&6#7^9,Louisa,Cronauer,louisa@cronauer.com,510-828-7047
10103,34lyu815!^&bs#p%4rv@,Angella,Cetta,angella.cetta@hotmail.com,808-892-7943
10104,8r9!ljcg%9$1iwa35bax,Cyndy,Goldammer,cgoldammer@cox.net,952-334-9408
10105,pvho6abpnakg#71ebjok,Rosio,Cork,rosio.cork@gmail.com,336-243-5659
10106,i8qs5sid@aw$^rsb9x9l,Celeste,Korando,ckorando@hotmail.com,516-509-2347
10107,cv%j3$d1z!qa3ud5#3g1,Twana,Felger,twana.felger@felger.org,503-939-3153
10108,i$21%d*74y!ph%51xy3!,Estrella,Samu,estrella@aol.com,608-976-7199
10109,r7gihh32osjtlc%09#n!,Donte,Kines,dkines@hotmail.com,508-429-8576
10110,p9p*5zbzedsndw*zi^es,Tiffiny,Steffensmeier,tiffiny_steffensmeier@cox.net,305-385-9695
10111,*&$t&fwvv%@rbj4&0^sa,Edna,Miceli,emiceli@miceli.org,814-460-2655
10112,zs1ytq7vz8e4#6c!tq4o,Sue,Kownacki,sue@aol.com,972-666-3413
10113,3rdh$ak396%wr4ee5ng@,Jesusa,Shin,jshin@shin.com,931-273-8709
10114,2iq*r$#hv8%npj68^5na,Rolland,Francescon,rolland@cox.net,973-649-2922
10115,4^j!gv2o^&wiegksz3fk,Pamella,Schmierer,pamella.schmierer@schmierer.org,305-420-8970
10116,4n$nfn3nluq4td^%1l67,Glory,Kulzer,gkulzer@kulzer.org,410-224-9462
10117,prnluscfdh75l94098ue,Shawna,Palaspas,shawna_palaspas@palaspas.org,805-275-3566
10118,g#*qd4a#l*^nbb%n8#oc,Brandon,Callaro,brandon_callaro@hotmail.com,808-215-6832
10119,wg^k5kbkv^*2vw06wurc,Scarlet,Cartan,scarlet.cartan@yahoo.com,229-735-3378
10120,q2tl!t&jgzu5$h!gg##^,Oretha,Menter,oretha_menter@yahoo.com,617-418-5043
10121,2@9&^4dk%90hz*%$k$x#,Ty,Smith,tsmith@aol.com,201-672-1553
10122,u&er!rq0g^h7$nk7f^xw,Xuan,Rochin,xuan@gmail.com,650-933-5072
10123,jx%gq6^sxco!ce8g59t%,Lindsey,Dilello,lindsey.dilello@hotmail.com,909-639-9887
10124,f^u9@tzu6pt@v@@l$x97,Devora,Perez,devora_perez@perez.org,510-955-3016
10125,1a#b@8jfbh#r!1q^ha@s,Herman,Demesa,hdemesa@cox.net,518-497-2940
10126,z4hkx6u3tu95d5%x37!h,Rory,Papasergi,rpapasergi@cox.net,570-867-7489
10127,yvsreq*isf8qs#4q^hhx,Talia,Riopelle,talia_riopelle@aol.com,973-245-2133
10128,4q^v#j8dve390473yfpq,Van,Shire,van.shire@shire.com,908-409-2890
10129,iv&je^0no!a14rgt3%re,Lucina,Lary,lucina_lary@cox.net,321-749-4981
10130,0y39e57c#i000il7223z,Bok,Isaacs,bok.isaacs@aol.com,718-809-3762
10131,nh7czidy011d!8k5otw0,Rolande,Spickerman,rolande.spickerman@spickerman.com,808-315-3077
10132,4l*3*reidxqy24@o3#&l,Howard,Paulas,hpaulas@gmail.com,303-623-4241
10133,#6890u$!x78foou!zu$p,Kimbery,Madarang,kimbery_madarang@cox.net,973-310-1634
10134,qvusi#@#!qp03sx@x5fl,Thurman,Manno,thurman.manno@yahoo.com,609-524-3586
10135,4w$qp2lt8f6!%j&d0us4,Becky,Mirafuentes,becky.mirafuentes@mirafuentes.com,908-877-8409
10136,7nrr2027e%!c5*k#7kfj,Beatriz,Corrington,beatriz@yahoo.com,508-584-4279
10137,0nkbida^hasjb1673unq,Marti,Maybury,marti.maybury@yahoo.com,773-775-4522
10138,$pv&@std9iyskjyx1%u2,Nieves,Gotter,nieves_gotter@gmail.com,503-527-5274
10139,o5$8^*wh!*!359v2z#1c,Leatha,Hagele,lhagele@cox.net,214-339-1809
10140,wdeq47j*p!lqpaunp04b,Valentin,Klimek,vklimek@klimek.org,312-303-5453
10141,cgn149o0tr89l2$o7gir,Melissa,Wiklund,melissa@cox.net,419-939-3613
10142,tbtie3^i!uz27pzf*ji%,Sheridan,Zane,sheridan.zane@zane.com,951-645-3605
10143,sx*ik*t!^byo#%#t1i84,Bulah,Padilla,bulah_padilla@hotmail.com,254-463-4368
10144,@hovq*x2x5x*7fta0$7%,Audra,Kohnert,audra@kohnert.com,615-406-7854
10145,3#vj*sgg8d44^p9w*u9h,Daren,Weirather,dweirather@aol.com,414-959-2540
10146,t&t2p4#a&1cnu3y%lw&h,Fernanda,Jillson,fjillson@aol.com,410-387-5260
10147,$410e!%&z4y%&xa77zr6,Gearldine,Gellinger,gearldine_gellinger@gellinger.com,972-934-6914
10148,k34r3hh!6hz50%b4y6#h,Chau,Kitzman,chau@gmail.com,310-560-8022
10149,*tv&z6&heqlg@9rsds08,Theola,Frey,theola_frey@frey.com,516-948-5768
10150,c5*t07%nh7ct573!bly6,Cheryl,Haroldson,cheryl@haroldson.org,609-518-7697
10151,jub&eruj#!@%vtrjboi6,Laticia,Merced,lmerced@gmail.com,513-508-7371
10152,yo@oxwvipkq&qdq76y4y,Carissa,Batman,carissa.batman@yahoo.com,541-326-4074
10153,!9v9c42kujcn^@eo6k#e,Lezlie,Craghead,lezlie.craghead@craghead.org,919-533-3762
10154,8$ihqo@^n7*c^hiv69t1,Ozell,Shealy,oshealy@hotmail.com,212-332-8435
10155,60j6bn$hgt@alkg^w@1q,Arminda,Parvis,arminda@parvis.com,602-906-9419
10156,5i73%n0y6dwb*od$aoar,Reita,Leto,reita.leto@gmail.com,317-234-1135
10157,jod%&@b4*5yhn^352ncs,Yolando,Luczki,yolando@cox.net,315-304-4759
10158,6o5#c6dho5sjk8!%srl2,Lizette,Stem,lizette.stem@aol.com,856-487-5412
10159,62oz4bt244zkb9e3hykq,Gregoria,Pawlowicz,gpawlowicz@yahoo.com,516-212-1915
10160,22l%jo8ozs&60xpf9hn7,Carin,Deleo,cdeleo@deleo.com,501-308-1040
10161,l$955p46&nd!pok0fxr9,Chantell,Maynerich,chantell@yahoo.com,651-591-2583
10162,fgnf@o3w!03zsk&syhlx,Dierdre,Yum,dyum@yahoo.com,215-325-3042
10163,rvsys!rnsat#oslt1dk0,Larae,Gudroe,larae_gudroe@gmail.com,985-890-7262
10164,tdfprl3#tj64%xk5f4p8,Latrice,Tolfree,latrice.tolfree@hotmail.com,631-957-7624
10165,%k%18224ynec@hi4p%g7,Kerry,Theodorov,kerry.theodorov@gmail.com,916-591-3277
10166,5o2j%&7dj7vc^b8hzrba,Dorthy,Hidvegi,dhidvegi@yahoo.com,208-649-2373
10167,&9doxtddxbj&n^^1u0%f,Fannie,Lungren,fannie.lungren@yahoo.com,512-587-5746
10168,x0lz5lj^5oeeg6!wc*#j,Evangelina,Radde,evangelina@aol.com,215-964-3284
10169,geulk1gr24o#ii7ehddk,Novella,Degroot,novella_degroot@degroot.org,808-477-4775
10170,$v@#g2h121f*p38fg570,Clay,Hoa,choa@hoa.org,775-501-8109
10171,j132y*2q1vu6i8%s#quk,Jennifer,Fallick,jfallick@yahoo.com,847-979-9545
10172,oc3#3qdnstb40&gfb5x@,Irma,Wolfgramm,irma.wolfgramm@hotmail.com,973-545-7355
10173,^2sp^e&ra6djq2ii9bsb,Eun,Coody,eun@yahoo.com,864-256-3620
10174,za#kgosb70996uz*txq2,Sylvia,Cousey,sylvia_cousey@cousey.org,410-209-9545
10175,134j@u!xwwgg#40ql#au,Nana,Wrinkles,nana@aol.com,914-855-2115
10176,qi77l$uc#!pjbw8@&&7k,Layla,Springe,layla.springe@cox.net,212-260-3151
10177,$*oj6#vp8$tlzjon%e47,Joesph,Degonia,joesph_degonia@degonia.org,510-677-9785
10178,uic14wn1vat7ojdwc15q,Annabelle,Boord,annabelle.boord@cox.net,978-697-6263
10179,&zjssv!c!o77ixb094x1,Stephaine,Vinning,stephaine@cox.net,415-767-6596
10180,qdru#4i8%pcl1fn^bwz6,Nelida,Sawchuk,nelida@gmail.com,201-971-1638
10181,5#b$czi3^e9%$hjct7e7,Marguerita,Hiatt,marguerita.hiatt@gmail.com,925-634-7158
10182,o6u9svhyb5oa4gc^28rf,Carmela,Cookey,ccookey@cookey.org,773-494-4195
10183,g0ui4@77hc5hs#$7wp2n,Junita,Brideau,jbrideau@aol.com,973-943-3423
10184,78e!kz$3vq^7y761f%tc,Claribel,Varriano,claribel_varriano@cox.net,419-544-4900
10185,5h80^go93sqqhq046!lw,Benton,Skursky,benton.skursky@aol.com,310-579-2907
10186,%qhegw&x^bv7d@%otb9*,Hillary,Skulski,hillary.skulski@aol.com,352-242-2570
10187,yx6*klh09y&4^0hx9@g!,Merilyn,Bayless,merilyn_bayless@cox.net,408-758-5015
10188,ip2d80pohhz!cyak74ry,Teri,Ennaco,tennaco@gmail.com,570-889-5187
10189,ejjzrf1@7i92odo1ovt5,Merlyn,Lawler,merlyn_lawler@hotmail.com,201-588-7810
10190,@1@3t@p3c7c$%l5&!inr,Georgene,Montezuma,gmontezuma@cox.net,925-615-5185
10191,fgkk2n1@6*!en52571x%,Jettie,Mconnell,jmconnell@hotmail.com,908-802-3564
10192,5&#i%efhohqd9jiaclz6,Lemuel,Latzke,lemuel.latzke@gmail.com,631-748-6479
10193,x!7t^wqlge*ak0o$j&se,Melodie,Knipp,mknipp@gmail.com,805-690-1682
10194,w6x$1u@*haq*b680hu3n,Candida,Corbley,candida_corbley@hotmail.com,908-275-8357
10195,t2s*xzhfdq58*ldnu$cl,Karan,Karpin,karan_karpin@gmail.com,503-940-8327
10196,4q4!g#yx2sn^32nh3ph2,Andra,Scheyer,andra@gmail.com,503-516-2189
10197,@b0vjwxby@&x8ujs8vqo,Felicidad,Poullion,fpoullion@poullion.com,856-305-9731
10198,sg$eruglu3v9god&x&n^,Belen,Strassner,belen_strassner@aol.com,770-507-8791
10199,0vq^t8deovororf9bffk,Gracia,Melnyk,gracia@melnyk.com,904-235-3633
10200,3xqp0a2o$w3qyn!!86ov,Jolanda,Hanafan,jhanafan@gmail.com,207-458-9196
10201,!luhyfjtd3g2chu*c!aw,Barrett,Toyama,barrett.toyama@toyama.org,817-765-5781
10202,lg@2wa5eow@w4f5th06@,Helga,Fredicks,helga_fredicks@yahoo.com,716-752-4114
10203,dwod73y2y&sp^3jn$h#t,Ashlyn,Pinilla,apinilla@cox.net,305-670-9628
10204,%z6fxox5ugszki0848ul,Fausto,Agramonte,fausto_agramonte@yahoo.com,212-313-1783
10205,ottld@y81c5wvvwapnql,Ronny,Caiafa,ronny.caiafa@caiafa.org,215-605-7570
10206,b3pikjy3c7%#eq8xppc7,Marge,Limmel,marge@gmail.com,850-430-1663
10207,*pt%#@ixxdxk7*no55@@,Norah,Waymire,norah.waymire@gmail.com,415-306-7897
10208,5bcwbdhkpf5vqxf6iuwl,Aliza,Baltimore,aliza@aol.com,408-504-3552
10209,7a@i6pj%*cnl&8v*uz5$,Mozell,Pelkowski,mpelkowski@pelkowski.org,650-947-1215
10210,1s9$wl3qgh8c%x!ibs4g,Viola,Bitsuie,viola@gmail.com,818-864-4875
10211,&ct@^^&34@x$xrj$#s^@,Franklyn,Emard,femard@emard.com,215-558-8189
10212,n79xit$fk@f@vq$y4b3o,Willodean,Konopacki,willodean_konopacki@konopacki.org,337-253-8384
10213,qtwuq!s62wjo*#yz095q,Beckie,Silvestrini,beckie.silvestrini@silvestrini.com,313-533-4884
10214,3&6obet1zui26d52lax7,Rebecka,Gesick,rgesick@gesick.org,512-213-8574
10215,zjkoaicbh0fds$y97*ao,Frederica,Blunk,frederica_blunk@gmail.com,214-428-2285
10216,krzv^rcfwf07bt33*0xt,Glen,Bartolet,glen_bartolet@hotmail.com,206-697-5796
10217,##kczc39hlodxggtkd6x,Freeman,Gochal,freeman_gochal@aol.com,610-476-3501
10218,&hwt5e#eovo5$05kki7h,Vincent,Meinerding,vincent.meinerding@hotmail.com,215-372-1718
10219,q4*x5lttg3u9x&#s6^yt,Rima,Bevelacqua,rima@cox.net,310-858-5079
10220,s^v8w5!w*htecpj7ah7c,Glendora,Sarbacher,gsarbacher@gmail.com,707-653-8214
10221,h$bu9i#oho2poglfjaaa,Avery,Steier,avery@cox.net,407-808-9439
10222,0866h9xnlgz3l52^*2^l,Cristy,Lother,cristy@lother.com,760-971-4322
10223,j%k$d6i3fj2qeor1*ss4,Nicolette,Brossart,nicolette_brossart@brossart.com,508-837-9230
10224,t%pi%s75@j%g7b3gbg#@,Tracey,Modzelewski,tracey@hotmail.com,936-264-9294
10225,gjz5h15chp@uf@7i7y40,Virgina,Tegarden,virgina_tegarden@tegarden.com,414-214-8697
10226,&u55cywck4p8*lh2#z!e,Tiera,Frankel,tfrankel@aol.com,626-636-4117
10227,4j0qpnakjq%4eji4*4wc,Alaine,Bergesen,alaine_bergesen@cox.net,914-300-9193
10228,8l*^@@dpwnbh4t4ui62y,Earleen,Mai,earleen_mai@cox.net,214-289-1973
10229,op$hcip#v8$43r@zev1w,Leonida,Gobern,leonida@gobern.org,228-235-5615
10230,kk01w33y$jo&9j^rw7uj,Ressie,Auffrey,ressie.auffrey@yahoo.com,305-604-8981
10231,ngai9tkgyn1a1jr8h!2j,Justine,Mugnolo,jmugnolo@yahoo.com,212-304-9225
10232,w9f4%4d4fan6v^72$72r,Eladia,Saulter,eladia@saulter.com,201-474-4924
10233,0iv1p$tk7ucuadhckbg*,Chaya,Malvin,chaya@malvin.com,734-928-5182
10234,u#nedhc6hb*hfkoyhild,Gwenn,Suffield,gwenn_suffield@suffield.org,631-258-6558
10235,n#o^x$6s1j&4&p1sk1^6,Salena,Karpel,skarpel@cox.net,330-791-8557
10236,hss8x9fehx6k43bjwa7t,Yoko,Fishburne,yoko@fishburne.com,203-506-4706
10237,g4j!5g@c4jidbd#hfw4p,Taryn,Moyd,taryn.moyd@hotmail.com,703-322-4041
10238,5krg44&ro#v00ayg7$ka,Katina,Polidori,katina_polidori@aol.com,978-626-2978
10239,075v3skq@4qs6@%i4@5i,Rickie,Plumer,rickie.plumer@aol.com,419-693-1334
10240,a!&eseg8!9w6#a^nh*ic,Alex,Loader,alex@loader.com,253-660-7821
10241,27o*jpg$swlif@7bcl42,Lashon,Vizarro,lashon@aol.com,916-741-7884
10242,$&884&5cn#o9h*e^ka!z,Lauran,Burnard,lburnard@burnard.com,307-342-7795
10243,z&%s#%d1gfw%xa2thw57,Ceola,Setter,ceola.setter@setter.org,207-627-7565
10244,p^e#0i%4xnqef^a$qzb^,My,Rantanen,my@hotmail.com,215-491-5633
10245,#sarlxtrrdfp1lrx!7g4,Lorrine,Worlds,lorrine.worlds@worlds.com,813-769-2939
10246,olf^^&slf**ycqd@@fz7,Peggie,Sturiale,peggie@cox.net,619-608-1763
10247,dslxc@!i^*00^$tvgj9@,Marvel,Raymo,mraymo@yahoo.com,979-718-8968
10248,jj8i239jq!f0kxwxctr8,Daron,Dinos,daron_dinos@cox.net,847-233-3075
10249,fe&27snesqlgi!b^xnwh,An,Fritz,an_fritz@hotmail.com,609-228-5265
10250,a71$4%jpnqvdzyg@6#g8,Portia,Stimmel,portia.stimmel@aol.com,908-722-7128
10251,bz^w5khi1&w95fkgep!t,Rhea,Aredondo,rhea_aredondo@cox.net,718-560-9537
10252,*qe#v1xw6o$st3qrivn8,Benedict,Sama,bsama@cox.net,314-787-1588
10253,ts6$sb6lw0yhnyc*225x,Alyce,Arias,alyce@arias.org,209-317-1801
10254,wxcbtrlz63jn1tt588qt,Heike,Berganza,heike@gmail.com,973-936-5095
10255,n2$x0d3026rtgj2xb66e,Carey,Dopico,carey_dopico@dopico.org,317-578-2453
10256,&dk1#v5^t$dtzfyo66tz,Dottie,Hellickson,dottie@hellickson.org,206-540-6076
10257,500h@59zp1pk!4@3*v3b,Deandrea,Hughey,deandrea@yahoo.com,336-822-7652
10258,h@vua96gn$5f20va28wk,Kimberlie,Duenas,kimberlie_duenas@yahoo.com,785-629-8542
10259,ud1itqdhlg$dwfk8nfew,Martina,Staback,martina_staback@staback.com,407-471-6908
10260,98i6&8wz8!t!l9yo!0tg,Skye,Fillingim,skye_fillingim@yahoo.com,612-508-2655
10261,t*$*j!&b9wdrv2we39r&,Jade,Farrar,jade.farrar@yahoo.com,803-352-5387
10262,bodav$0$%wj!15th#$d@,Charlene,Hamilton,charlene.hamilton@hotmail.com,707-300-1771
10263,%ewea#6e62o57j%v&d00,Geoffrey,Acey,geoffrey@gmail.com,847-222-1734
10264,d9xgigzyg2r*%8%&^l7i,Stevie,Westerbeck,stevie.westerbeck@yahoo.com,949-867-4077
10265,va17bk1d%l$7g64*#fp6,Pamella,Fortino,pamella@fortino.com,303-404-2210
10266,4swihoyjhq%glzccn%o9,Harrison,Haufler,hhaufler@hotmail.com,203-801-6193
10267,44a&uf8$%^qv41^4o*ew,Johnna,Engelberg,jengelberg@engelberg.org,425-986-7573
10268,2%i@7eufryzxrlekdjvl,Buddy,Cloney,buddy.cloney@yahoo.com,440-989-5826
10269,*8sbwfk@%i#cs1z!dg2%,Dalene,Riden,dalene.riden@aol.com,603-315-6839
10270,#is7tcxc@1!zgcp@35fq,Jerry,Zurcher,jzurcher@zurcher.org,321-518-5938
10271,sa#op2pagf1!iryido*r,Haydee,Denooyer,hdenooyer@denooyer.org,212-792-8658
10272,f038^9ec!#zn%1r@xibj,Joseph,Cryer,joseph_cryer@cox.net,714-584-2237
10273,1138%3#c1#pqdu&@3$6o,Deonna,Kippley,deonna_kippley@hotmail.com,248-913-4677
10274,!hvut0k6u2ct3t1lc8d5,Raymon,Calvaresi,raymon.calvaresi@gmail.com,317-825-4724
10275,ylebr%lbywapg^e&^fsg,Alecia,Bubash,alecia@aol.com,940-276-7922
10276,2#4$pj%b&l5%h4o!e4q8,Ma,Layous,mlayous@hotmail.com,203-721-3388
10277,z3ln55!g!^psx@haseoc,Detra,Coyier,detra@aol.com,410-739-9277
10278,yu1g*@y*o5ij7da7usf3,Terrilyn,Rodeigues,terrilyn.rodeigues@cox.net,504-463-4384
10279,^#3o1ocoa6va^1l&w^8%,Salome,Lacovara,slacovara@gmail.com,804-550-5097
10280,itci^40hn^q#%zz&e!h3,Garry,Keetch,garry_keetch@hotmail.com,215-979-8776
10281,@20ui^8nt9twlvvn#j%d,Matthew,Neither,mneither@yahoo.com,952-651-7597
10282,4apy7*pkypij7!qtz@tu,Theodora,Restrepo,theodora.restrepo@restrepo.com,305-936-8226
10283,$78u*6aq33bzo&wa6zb#,Noah,Kalafatis,noah.kalafatis@aol.com,414-263-5287
10284,ayfvs4$p6dxy%f8@jfkh,Carmen,Sweigard,csweigard@sweigard.com,732-941-2621
10285,*zt007xq2%2@jy8x!7k$,Lavonda,Hengel,lavonda@cox.net,701-898-2154
10286,7a!ziz%h!fibzh$hcepe,Junita,Stoltzman,junita@aol.com,775-638-9963
10287,vo@j*ibihyo@ui74xix!,Herminia,Nicolozakes,herminia@nicolozakes.org,602-954-5141
10288,yyqcn$%4k#qsio4n06y&,Casie,Good,casie.good@aol.com,615-390-2251
10289,#w!u%f^&eqlzz16wqp22,Reena,Maisto,reena@hotmail.com,410-351-1863
10290,bp8$cebu$y#xj2cn%#zz,Mirta,Mallett,mirta_mallett@gmail.com,212-870-1286
10291,y%bg^$&*%so1x#sv4qp#,Cathrine,Pontoriero,cathrine.pontoriero@pontoriero.com,806-703-1435
10292,rapw2nixo2e71zxpo1pg,Filiberto,Tawil,ftawil@hotmail.com,323-765-2528
10293,fib1xst!p&kw0@e&4n6n,Raul,Upthegrove,rupthegrove@yahoo.com,619-509-5282
10294,%1x8ovttubff0@y9rli%,Sarah,Candlish,sarah.candlish@gmail.com,770-732-1194
10295,@r^6%kz^faetw2p96!y2,Lucy,Treston,lucy@cox.net,508-769-5250
10296,vvwfd6ic@1$@47aiy7n8,Judy,Aquas,jaquas@aquas.com,269-756-7222
10297,5ezzh%rh66pd#1izd&&!,Yvonne,Tjepkema,yvonne.tjepkema@hotmail.com,973-714-1721
10298,fhuuw%wpggxzk2^3ji8h,Kayleigh,Lace,kayleigh.lace@yahoo.com,337-740-9323
10299,zw^y%knzx0oj%6$!jat#,Felix,Hirpara,felix_hirpara@cox.net,717-491-5643
10300,f#aijy!8q8pp@3ct&00&,Tresa,Sweely,tresa_sweely@hotmail.com,314-359-9566
10301,q@l8*ln021*%rgpbs3!g,Kristeen,Turinetti,kristeen@gmail.com,817-213-8851
10302,lhzu7e!z2p7rll@5uiet,Jenelle,Regusters,jregusters@regusters.com,813-932-8715
10303,2o5f&cg&fpu4hi^yh##u,Renea,Monterrubio,renea@hotmail.com,770-679-4752
10304,tderg9a7pdc3u6pn0$yq,Olive,Matuszak,olive@aol.com,760-938-6069
10305,pk1$o0l4^8kj8rkcbxg!,Ligia,Reiber,lreiber@cox.net,517-906-1108
10306,!qx@x#fsvvhd1!!e&i^i,Christiane,Eschberger,christiane.eschberger@yahoo.com,602-390-4944
10307,pdwf^f^yk7@ih#ds6hsc,Goldie,Schirpke,goldie.schirpke@yahoo.com,207-295-7569
10308,gkhdz0if8ur#fy61puzw,Loreta,Timenez,loreta.timenez@hotmail.com,301-696-6420
10309,bryd63t&d3#!ngck@oax,Fabiola,Hauenstein,fabiola.hauenstein@hauenstein.org,717-809-3119
10310,h19v7tc2veejc3*%fk&e,Amie,Perigo,amie.perigo@yahoo.com,972-419-7946
10311,1eh!fg8fc2nzo^li2%68,Raina,Brachle,raina.brachle@brachle.org,406-318-1515
10312,y#tgv363*f#271r4!pqf,Erinn,Canlas,erinn.canlas@canlas.com,973-767-3008
10313,yyn^ziplr^^^xk13^ask,Cherry,Lietz,cherry@lietz.com,248-980-6904
10314,zlp!e@2f@d*s9gx32x5n,Kattie,Vonasek,kattie@vonasek.org,216-923-3715
10315,a1^7r7lb*bu@lo$8j7uj,Lilli,Scriven,lilli@aol.com,325-631-1560
10316,$o&#php19$u6c@$*9$ve,Whitley,Tomasulo,whitley.tomasulo@aol.com,817-526-4408
10317,9daey0l@p^gffba7b!x9,Barbra,Adkin,badkin@hotmail.com,718-201-3751
10318,*de&n0%^cxtz9fi2fcnu,Hermila,Thyberg,hermila_thyberg@hotmail.com,401-893-4882
10319,yis2k$p&d0*k1@jyzn6v,Jesusita,Flister,jesusita.flister@hotmail.com,717-885-9118
10320,5r^wqx0jl8^jo$pww4ej,Caitlin,Julia,caitlin.julia@julia.org,401-948-4982
10321,**v9j*dzf59qevilbw4^,Roosevelt,Hoffis,roosevelt.hoffis@aol.com,305-622-4739
10322,99jg^97$fb!vgxxx1zdw,Helaine,Halter,hhalter@yahoo.com,201-832-4168
10323,aizt@wll@5yj%jzydv#$,Lorean,Martabano,lorean.martabano@hotmail.com,210-856-4979
10324,kpfkrb57#k9wq2io5so@,France,Buzick,france.buzick@yahoo.com,718-478-8504
10325,so33jqzk352h2d@o$hh3,Justine,Ferrario,jferrario@hotmail.com,909-993-3242
10326,l7e*nqt3&4zop#4ghirp,Adelina,Nabours,adelina_nabours@gmail.com,216-230-4892
10327,58e5byy$q$#$n^7p@2rl,Derick,Dhamer,ddhamer@cox.net,212-304-4515
10328,ycz%23xb8q*p6##g7%s6,Jerry,Dallen,jerry.dallen@yahoo.com,804-762-9576
10329,ow7c%eakw5vi4yc7$#g&,Leota,Ragel,leota.ragel@gmail.com,706-221-4243
10330,f$7v@d#w7a&w*c*r9qsi,Jutta,Amyot,jamyot@hotmail.com,337-515-1438
10331,$^p%o@1*ius^3l3scyd4,Aja,Gehrett,aja_gehrett@hotmail.com,973-544-2677
10332,sl5lb0698f3lk889#8rb,Kirk,Herritt,kirk.herritt@aol.com,607-407-3716
10333,bv1douao22&fln$43912,Leonora,Mauson,leonora@yahoo.com,973-412-2995
10334,j&2!503fxf9ak6k^ea2!,Winfred,Brucato,winfred_brucato@hotmail.com,208-252-4552
10335,o$p3fr0*1ka76so%$0%1,Tarra,Nachor,tarra.nachor@cox.net,415-411-1775
10336,y@f6qc9kr#0ck4!*b&na,Corinne,Loder,corinne@loder.org,508-942-4186
10337,^p6!r#6fefqquxpnzy77,Dulce,Labreche,dulce_labreche@yahoo.com,248-357-8718
10338,f1f&g05ibzifijud!oq!,Kate,Keneipp,kate_keneipp@yahoo.com,920-353-6377
10339,!c8rcs&!feyi5ld%5kfb,Kaitlyn,Ogg,kaitlyn.ogg@gmail.com,410-665-4903
10340,n585glex3uv1&q3$o#@#,Sherita,Saras,sherita.saras@cox.net,719-669-1664
10341,%$s454t$z519^#hy1ty3,Lashawnda,Stuer,lstuer@cox.net,419-588-8719
10342,dy0tx22h21v0n95cla!*,Ernest,Syrop,ernest@cox.net,301-998-9644
10343,bzqkzz49l8rjds1k0nsq,Nobuko,Halsey,nobuko.halsey@yahoo.com,508-855-9887
10344,6^*!key0bf!74fwz2rse,Lavonna,Wolny,lavonna.wolny@hotmail.com,703-483-1970
10345,ioys$jd*kn0lq6e&0ih$,Lashaunda,Lizama,llizama@cox.net,410-678-2473
10346,n1sye7^19svlwevk6!fl,Mariann,Bilden,mariann.bilden@aol.com,512-223-4791
10347,&r2#!8xzzeevwuq06#n$,Helene,Rodenberger,helene@aol.com,623-461-8551
10348,3^10576w$%xzwbqe%4o^,Roselle,Estell,roselle.estell@hotmail.com,419-571-5920
10349,6yl*y2n$gn5@4n!wrrws,Samira,Heintzman,sheintzman@hotmail.com,206-311-4137
10350,%hy*x*2@sukhour1z07y,Margart,Meisel,margart_meisel@yahoo.com,513-617-2362
10351,cvbk!&#a#s82fon12ew1,Kristofer,Bennick,kristofer.bennick@yahoo.com,812-368-1511
10352,aapeeor6b2cthxvpydq^,Weldon,Acuff,wacuff@gmail.com,847-353-2156
10353,7tn3h4#81c%5oa37oq4@,Shalon,Shadrick,shalon@cox.net,718-232-2337
10354,$1wp8ao91c$g%i02&dpi,Denise,Patak,denise@patak.org,407-446-4358
10355,lnbl#8yewuvrj!uyuuls,Louvenia,Beech,louvenia.beech@beech.com,310-820-2117
10356,1at2*ebbxste4fuk&w9t,Audry,Yaw,audry.yaw@yaw.org,813-797-4816
10357,b2o27p6$&z0i*jj5hkhr,Kristel,Ehmann,kristel.ehmann@aol.com,915-452-1290
10358,!dcfzobw6qo*1r*gz0ay,Vincenza,Zepp,vzepp@gmail.com,619-603-5125
10359,16tv!wy7n#js5$hccs*o,Elouise,Gwalthney,egwalthney@yahoo.com,301-841-5012
10360,knr$%xxj%r*&8es%3z51,Venita,Maillard,venita_maillard@gmail.com,714-523-6653
10361,&vzv434rrbay&p4x3dad,Kasandra,Semidey,kasandra_semidey@semidey.com,314-732-9131
10362,bl*10#tr^i8ho0ra8930,Xochitl,Discipio,xdiscipio@gmail.com,512-233-1831
10363,xp&c&!4h8sceod@4g7x2,Maile,Linahan,mlinahan@yahoo.com,336-670-2640
10364,w1wabgas&4ze7n#5&0t7,Krissy,Rauser,krauser@cox.net,631-443-4710
10365,qoo0s2*sxz*x79&c0oz!,Pete,Dubaldi,pdubaldi@hotmail.com,201-825-2514
10366,0d75@nx**0nn@0!0hof@,Linn,Paa,linn_paa@paa.com,901-412-4381
10367,jqd#u7l*p*89*gl!6bkr,Paris,Wide,paris@hotmail.com,404-505-4445
10368,!dp^d$y%z&t@4n1#j&*j,Wynell,Dorshorst,wynell_dorshorst@dorshorst.org,650-473-1262
10369,g&3#xqxbwbrs^pyw*k3@,Quentin,Birkner,qbirkner@aol.com,952-702-7993
10370,oye7hgig6%ae&%608ky@,Regenia,Kannady,regenia.kannady@cox.net,480-726-1280
10371,^jb5w550wq4j*b%4bqj3,Sheron,Louissant,sheron@aol.com,718-976-8610
10372,jp7i3ci*bd1n8n*r@!d9,Izetta,Funnell,izetta.funnell@hotmail.com,770-844-3447
10373,l^%30@p9ts1u*7%9s%r%,Rodolfo,Butzen,rodolfo@hotmail.com,507-210-3510
10374,*ycr!!*$1s2w2$avp@rq,Zona,Colla,zona@hotmail.com,203-461-1949
10375,whw6wdrh0f9j2ceh@97o,Serina,Zagen,szagen@aol.com,260-273-3725
10376,oktz30!9h6kny$j9d&0k,Paz,Sahagun,paz_sahagun@cox.net,601-927-8287
10377,w5f^khgr5s3wzlf#tjfu,Markus,Lukasik,markus@yahoo.com,586-970-7380
10378,^$6zc8%iesf^*h4kn5dy,Jaclyn,Bachman,jaclyn@aol.com,719-853-3600
10379,9gi#%v0!fwn9n$e$hg^6,Cyril,Daufeldt,cyril_daufeldt@daufeldt.com,212-745-8484
10380,rzcoc@4o3pawj$o29wwt,Gayla,Schnitzler,gschnitzler@gmail.com,510-686-3407
10381,63j5djdz5i7uqf#h4u1g,Erick,Nievas,erick_nievas@aol.com,773-704-9903
10382,&ns#5wj50gz2896dw75w,Jennie,Drymon,jennie@cox.net,570-218-4831
10383,y#^$e*3uoaj&#xnknhaj,Mitsue,Scipione,mscipione@scipione.com,530-986-9272
10384,x6d%n$6hri3bc1rp$%5#,Ciara,Ventura,cventura@yahoo.com,845-823-8877
10385,vqqt5zq&%4gwb&x$wypc,Galen,Cantres,galen@yahoo.com,216-600-6111
10386,jdqza@xli01g1#6c6@!l,Truman,Feichtner,tfeichtner@yahoo.com,973-852-2736
10387,84ncues^okb$ir20qeor,Gail,Kitty,gail@kitty.com,907-435-9166
10388,dukk@d@lc%3ejuoyr9wn,Dalene,Schoeneck,dalene@schoeneck.org,215-268-1275
10389,bw$k4a8$y931ivcyh1ly,Gertude,Witten,gertude.witten@gmail.com,513-977-7043
10390,e6n&h*d8s!80q#z8s#@i,Lizbeth,Kohl,lizbeth@yahoo.com,310-699-1222
10391,5ie1z*i%0u#$5*gc@nwj,Glenn,Berray,gberray@gmail.com,515-370-7348
10392,r!p4@cg8!u#%e%lyh$7!,Lashandra,Klang,lashandra@yahoo.com,610-809-1818
10393,tiww7adw1&b6k6bq^cp4,Lenna,Newville,lnewville@newville.com,919-623-2524
10394,rcodp#hpdu#pv78%u#6o,Laurel,Pagliuca,laurel@yahoo.com,509-695-5199
10395,!!h55d40ha4s56zyfew7,Mireya,Frerking,mireya.frerking@hotmail.com,914-868-5965
10396,@2cpwy8k1&vsy#*ggl4k,Annelle,Tagala,annelle@yahoo.com,410-757-1035
10397,^@prg^lp&^3vn$r9vc@w,Dean,Ketelsen,dean_ketelsen@gmail.com,516-847-4418
10398,04aqbd$sq5vs&u4bz462,Levi,Munis,levi.munis@gmail.com,508-456-4907
10399,l%$nyzq@xeq2ecv*6zw0,Sylvie,Ryser,sylvie@aol.com,918-644-9555
10400,3622i^*gc25ta&7x^onx,Sharee,Maile,sharee_maile@aol.com,231-467-9978
10401,q!nvb3ek6%fh&&282piu,Cordelia,Storment,cordelia_storment@aol.com,337-566-6001
10402,4@u@8eovu9x1%v#x!6e0,Mollie,Mcdoniel,mollie_mcdoniel@yahoo.com,419-975-3182
10403,*72x96lz#oa1j94*b8u9,Brett,Mccullan,brett.mccullan@mccullan.com,619-461-9984
10404,33v01c0dtt#oht5ja5*l,Teddy,Pedrozo,teddy_pedrozo@aol.com,203-892-3863
10405,yf6&er0q5by!%yeu4*uo,Tasia,Andreason,tasia_andreason@yahoo.com,201-920-9002
10406,gjhq^s06hz#z4o4l8q&6,Hubert,Walthall,hubert@walthall.org,330-903-1345
10407,#6qqi8s2eavjnflndp3j,Arthur,Farrow,arthur.farrow@yahoo.com,201-238-5688
10408,e2d50^9hoqp%81wo*ng*,Vilma,Berlanga,vberlanga@berlanga.com,616-737-3085
10409,k3s6n3ae8&!81q5*dyve,Billye,Miro,billye_miro@cox.net,601-567-5386
10410,qhbszteo0h*hqa8czi*l,Glenna,Slayton,glenna_slayton@cox.net,901-640-9178
10411,*398l7$4998ektp@%x#@,Mitzie,Hudnall,mitzie_hudnall@yahoo.com,303-402-1940
10412,4j@03@n1sh3lg@ogit!h,Bernardine,Rodefer,bernardine_rodefer@yahoo.com,901-901-4726
10413,y6ca%#&dr%u2yz5!yc8q,Staci,Schmaltz,staci_schmaltz@aol.com,626-866-2339
10414,ueq!qu9*v0v5n9nx1fpe,Nichelle,Meteer,nichelle_meteer@meteer.com,773-225-9985
10415,!zqysde85en9opdnq!a1,Janine,Rhoden,jrhoden@yahoo.com,718-228-5894
10416,pt1vhe26vhb4px4!500#,Ettie,Hoopengardner,ettie.hoopengardner@hotmail.com,509-755-5393
10417,@cblvw9z1p&sd*492j02,Eden,Jayson,eden_jayson@yahoo.com,410-890-7866
10418,%z#!oqyd#2id^n8wb$^x,Lynelle,Auber,lynelle_auber@gmail.com,973-860-8610
10419,1qsaeg@%%wi@fwybr4u9,Merissa,Tomblin,merissa.tomblin@gmail.com,562-579-6900
10420,dvuf!n4e^ywo$zbfdflf,Golda,Kaniecki,golda_kaniecki@yahoo.com,732-628-9909
10421,sq*2u02jlcqp0kp3*$ev,Catarina,Gleich,catarina_gleich@hotmail.com,973-210-3994
10422,t9k6%$twthypkztg&ypi,Virgie,Kiel,vkiel@hotmail.com,303-776-7548
10423,gydp1@wcf2th69b@&3e0,Jolene,Ostolaza,jolene@yahoo.com,757-682-7116
10424,3kr$2ztnhhian*qhnf$7,Keneth,Borgman,keneth@yahoo.com,602-919-4211
10425,r8ppqq8bft6^rb!%nfww,Rikki,Nayar,rikki@nayar.com,305-968-9487
10426,56r8%ar6rdar2wxhy9d4,Elke,Sengbusch,elke_sengbusch@yahoo.com,602-896-2993
10427,uqef%1^juhohxaxggq7n,Hoa,Sarao,hoa@sarao.org,386-526-7800
10428,pd9%p5xt*0lx*v2%2kkw,Trinidad,Mcrae,trinidad_mcrae@yahoo.com,415-331-9634
10429,c9$t65#r5uaqhz$@gj!n,Mari,Lueckenbach,mari_lueckenbach@yahoo.com,858-793-9684
10430,6t&2$e@#gi14evvlpcx&,Selma,Husser,selma.husser@cox.net,201-991-8369
10431,g#q2g!g$l$vbk^*spo!k,Antione,Onofrio,aonofrio@onofrio.com,909-430-7765
10432,zaqj0hv4&1lehyy2bzfs,Luisa,Jurney,ljurney@hotmail.com,617-365-2134
10433,^o9kf2c9kjgk*!g6004#,Clorinda,Heimann,clorinda.heimann@hotmail.com,760-291-5497
10434,3i@t7gtp6fjwbztlo%cd,Dick,Wenzinger,dick@yahoo.com,310-510-9713
10435,t97p8%3jecyg!*of%bpf,Ahmed,Angalich,ahmed.angalich@angalich.com,717-528-8996
10436,ok@c8qolf066akgv*a4b,Iluminada,Ohms,iluminada.ohms@yahoo.com,480-293-2882
10437,w0%%i*wcuyy*8tb4ze*w,Joanna,Leinenbach,joanna_leinenbach@hotmail.com,561-470-4574
10438,8wi99aounn41w0v^g$do,Caprice,Suell,caprice@aol.com,615-246-1824
10439,an!hbnuls8$%1gy18@f*,Stephane,Myricks,stephane_myricks@cox.net,859-717-7638
10440,kuxnzi009u&*$sg%1d%c,Quentin,Swayze,quentin_swayze@yahoo.com,734-561-6170
10441,#k7y&a9drbx85pbt*fgk,Annmarie,Castros,annmarie_castros@gmail.com,936-751-7961
10442,q1x2^vtfna!f&54gz!d6,Shonda,Greenbush,shonda_greenbush@cox.net,973-482-2430
10443,kiky%167!%ij3i5f12&e,Cecil,Lapage,clapage@lapage.com,201-693-3967
10444,ene^*c*2fkf9j81&krl!,Jeanice,Claucherty,jeanice.claucherty@yahoo.com,305-988-4162
10445,9tbetq26qs2o$@8xk4lj,Josphine,Villanueva,josphine_villanueva@villanueva.com,931-553-9774
10446,1!28islf4!sf!krb3*z&,Daniel,Perruzza,dperruzza@perruzza.com,714-771-3880
10447,0lf^u!%v1@pakd4uyufp,Cassi,Wildfong,cassi.wildfong@aol.com,847-633-3216
10448,a6fgq%ohkf7pb#h!rff*,Britt,Galam,britt@galam.org,215-888-3304
10449,cp7%tyrkz0jph960ach$,Adell,Lipkin,adell.lipkin@lipkin.com,973-654-1561
10450,zkklwo&8qxv6sbj95yxi,Jacqueline,Rowling,jacqueline.rowling@yahoo.com,814-865-8113
10451,s0b20szwgnf^#48c4jq!,Lonny,Weglarz,lonny_weglarz@gmail.com,801-293-9853
10452,z7cb^ud7u%q@fb4xnfo*,Lonna,Diestel,lonna_diestel@gmail.com,910-922-3672
10453,onyr3ayy0oyrws9fcvzu,Cristal,Samara,cristal@cox.net,213-975-8026
10454,zswdgq7w7x97i0utxna6,Kenneth,Grenet,kenneth.grenet@grenet.org,517-499-2322
10455,3!^s!#ysw99237&j7s2s,Elli,Mclaird,emclaird@mclaird.com,315-818-2638
10456,2*f0qa64ad*8rwb%e2!5,Alline,Jeanty,ajeanty@gmail.com,574-656-2800
10457,n%k1a1z!##2h2$nn9#%k,Sharika,Eanes,sharika.eanes@aol.com,407-312-1691
10458,e2ewwbuo159lg6ryoyi3,Nu,Mcnease,nu@gmail.com,973-751-9003
10459,^ca#l@l30s%dlh4@$tlb,Daniela,Comnick,dcomnick@cox.net,609-200-8577
10460,0l25eq6sjqt%52^l@2i#,Cecilia,Colaizzo,cecilia_colaizzo@colaizzo.com,608-382-4541
10461,b8o69&&ndk863xt*bdq^,Leslie,Threets,leslie@cox.net,914-861-9748
10462,w05b^eqvih@e^3$s7z8p,Nan,Koppinger,nan@koppinger.com,336-370-5333
10463,754#*dj&u8iyr$2qzj#i,Izetta,Dewar,idewar@dewar.com,410-473-1708
10464,y0u7#*vvxezp83l9#j**,Tegan,Arceo,tegan.arceo@arceo.org,732-730-2692
10465,#ri^5dpzgf0q%$0^fl!0,Ruthann,Keener,ruthann@hotmail.com,830-258-2769
10466,5k29e!d&v%c93aqhgpw8,Joni,Breland,joni_breland@cox.net,847-519-5906
10467,nl3ce9chh&&klc3ucnb!,Vi,Rentfro,vrentfro@cox.net,732-605-4781
10468,300cyo20%eh!6#xbha7!,Colette,Kardas,colette.kardas@yahoo.com,402-896-5943
10469,2ydx6x#2z5q&z%fd5**j,Malcolm,Tromblay,malcolm_tromblay@cox.net,703-221-5602
10470,2njt17exjqd61849oa2s,Ryan,Harnos,ryan@cox.net,972-558-1665
10471,od^o3p5v^05ysunj1czo,Jess,Chaffins,jess.chaffins@chaffins.org,212-510-4633
10472,iyrz9zur1t4zp*x4lga9,Sharen,Bourbon,sbourbon@yahoo.com,516-816-1541
10473,hceygdojj47bdw!e8wsy,Nickolas,Juvera,nickolas_juvera@cox.net,352-598-8301
10474,i6rl!4w@vqbs8g205^lx,Gary,Nunlee,gary_nunlee@nunlee.org,317-542-6023
10475,zqtc&v2ykzta7f@a69yr,Diane,Devreese,diane@cox.net,816-557-9673
10476,sjcc5n8i!@vg!l$ap5lw,Roslyn,Chavous,roslyn.chavous@chavous.org,601-234-9632
10477,21wtn3us!56xzpgah29!,Glory,Schieler,glory@yahoo.com,325-869-2649
10478,x8s1v9t2u@3e^2abs8z1,Rasheeda,Sayaphon,rasheeda@aol.com,408-805-4309
10479,f746v#!l3a@v41otfp0c,Alpha,Palaia,alpha@yahoo.com,856-312-2629
10480,u6#bzi*a0i79@nn*6o8j,Refugia,Jacobos,refugia.jacobos@jacobos.com,510-974-8671
10481,rjojvi*5j4a9goe5l5o3,Shawnda,Yori,shawnda.yori@yahoo.com,407-538-5106
10482,fk@60b3hvprv2!b1@wis,Mona,Delasancha,mdelasancha@hotmail.com,307-403-1488
10483,7bzx5#8gfwls5s5aeuud,Gilma,Liukko,gilma_liukko@gmail.com,516-393-9967
10484,^7$14t3jvkczf*zb%nix,Janey,Gabisi,jgabisi@hotmail.com,608-967-7194
10485,kfjt$buci5n2#j#k1nf4,Lili,Paskin,lili.paskin@cox.net,201-431-2989
10486,613n&7^h!1d4$1sh6sx3,Loren,Asar,loren.asar@aol.com,570-648-3035
10487,6n6h44$b0$qx&p1ks8&r,Dorothy,Chesterfield,dorothy@cox.net,858-617-7834
10488,r8f8*!fectt*15s3vv&z,Gail,Similton,gail_similton@similton.com,760-616-5388
10489,3%eyll&4a5*ivnbln*!i,Catalina,Tillotson,catalina@hotmail.com,609-373-3332
10490,8k!ydzykzyydqlgtu05q,Lawrence,Lorens,lawrence.lorens@hotmail.com,401-465-6432
10491,$x8#@2df1$$0pv01uy&8,Carlee,Boulter,carlee.boulter@hotmail.com,785-347-1805
10492,**g$#5c5yv2a5p!af5dy,Thaddeus,Ankeny,tankeny@ankeny.org,916-920-3571
10493,#43!lcyh%xnnr3v%!9by,Jovita,Oles,joles@gmail.com,386-248-4118
10494,@jxiui2!1ujo0b848a!&,Alesia,Hixenbaugh,alesia_hixenbaugh@hixenbaugh.org,202-646-7516
10495,**2janqtjp1pdu3!1y@6,Lai,Harabedian,lai@gmail.com,415-423-3294
10496,384xu8fh2r&ypn9@3xoy,Brittni,Gillaspie,bgillaspie@gillaspie.com,208-709-1235
10497,abqtx3$hnr9nn9@9hy0&,Raylene,Kampa,rkampa@kampa.org,574-499-1454
10498,r8ejxu%b3f*w@n%#lo@f,Flo,Bookamer,flo.bookamer@cox.net,308-726-2182
10499,yfv2#4qf#a#34a2^kib$,Jani,Biddy,jbiddy@yahoo.com,206-711-6498
10500,0^c!a5gb#h6e%90le1q4,Chauncey,Motley,chauncey_motley@aol.com,407-413-4842
